{
  "rouge1": 0.47700270951504864,
  "rouge2": 0.2350541633727491,
  "rougeL": 0.3899131571348271,
  "rougeLsum": 0.3902549877891236
}